"family","count","mean_length","sd_length","min_length","max_length"
"DTA",2742,6954.19511305618,975.457731003392,6031,11194
"DTC",4389,9980.6894509,1772.4471582627,6040,17591
"DTH",2081,7689.43921191735,1470.89637580161,6033,12293
"DTM",2430,8245.60864197529,2532.95460276857,6033,19669
"DTT",50,7328.78,1179.52488342224,6042,9717
